{"cameraMode":{"drawMode":0,"name":"Shaded","section":"Shading Mode"},"sceneLighting":false,"audioPlay":false,"sceneViewState":{"m_AlwaysRefresh":false,"showFog":true,"showSkybox":false,"showFlares":true,"showImageEffects":true,"showParticleSystems":true,"showVisualEffectGraphs":true,"m_FxEnabled":true},"in2DMode":false,"pivot":{"x":-0.0004132390022277832,"y":0.7003809213638306,"z":-2.3097238540649416},"rotation":{"x":0.17809467017650605,"y":-0.6433324813842773,"z":0.15743489563465119,"w":0.727760374546051},"size":3.277859687805176,"orthographic":false}